pPartNumbers,productId
1625491,1092034
1666821,1092038
1516036,1092046
4480846,560990
1598920,1092052
1589953,1092054
1585500,1092062
1669811,1092064
4111256,941572
4111249,941574
4111232,941576
1447992,1092084
1669880,1092086
3598966,1339365
4111036,849060
4111029,849062
5566862,572158
7369122,1581585
4110879,580932
1292202,1011386
4110549,586000
7369139,1581587
7369074,1581589
3904732,851092
1024126,955242
1062463,955244
1024016,955246
3905188,602534
4480516,616246
6783747,1512069
6224079,1524266
4480183,629100
6267359,1524268
4480578,631872
1599125,1090748
3406694,1310077
1667198,1091252
3687437,1339857
4480420,690080
8115564,2082195
2133047,1123234
2699127,791380
2697552,791412
2699763,791526
3194803,1311855
3168028,1311857
3900183,800710
3906297,800768
6774127,1537087
6784526,1537091
4481096,818506
2596093,1334985
6776194,1537099
2598541,1334987
6875349,1553015
6802020,1537105
6801193,1537113
6800761,1537115
6789703,1537117
1719462,1086278
6788711,1537121
8639734,1752861
6788027,1537131
6788209,1537135
6786988,1537137
6787444,1537143
1211197,981154
1215612,983822
1085457,983824
1018754,983826
7644579,1752863
1913543,1115642
7965454,1752865
2698836,991390
2698719,991394
2699749,991416
2699639,991418
9080595,991504
9080588,991508
9080557,991512
2781138,1334995
6747240,1537165
1166596,996280
6167459,1497463
1290723,1002742
1227136,1002752
1454916,1041798
7160840,2068796
1466801,1053898
7160857,2068801
8626644,1752871
3456204,1310725
7160888,2068808
3439915,1310727
7160912,2068814
6534336,1528005
1622638,1090710
1669646,1090716
1625192,1090746
1514832,1091212
1599558,1091248
1668070,1097740
1665712,1112212
1599204,1112214
2056179,1117724
1618862,1117826
1667473,1120610
5410547,1465058
2745789,1152308
2699093,1162140
2057453,1162220
2179685,1162226
2328986,1162236
2307354,1162242
2052867,1162252
8627447,1752885
6688512,1537221
6749028,1528021
8634698,1752901
2825520,1189798
2825094,1189800
2809515,1189808
2768058,1189816
2815413,1191096
6773049,1537245
6736282,1540220
6512365,1523142
3214068,1207974
2828053,1209678
6736330,1540222
6736543,1540224
6736842,1540226
3196478,1310771
3339163,1310773
2797115,1233242
6737669,1540228
6268190,1523092
3391091,1310787
1908132,1310789
1904545,1310791
6737700,1540230
6745967,1535490
6776431,1535498
4641991,1509959
7098486,1604257
6217897,1507156
6738888,1540232
7182440,2068921
6687434,1540236
3906314,1268582
6739478,1540240
3434192,1272362
6744683,1540244
3596195,1274406
4481254,741688
6345824,1523080
1924532,1303511
1949957,1303513
1969432,1303515
1969700,1303517
1989436,1303519
2031974,1303521
2037758,1303523
2040886,1303525
2054683,1303527
2133229,1303531
2132914,1303533
2745387,1303545
2780191,1303551
2788629,1303557
2792323,1303565
2793669,1303569
2798365,1303579
2799285,1303581
2489629,1304061
3599006,1304287
3593693,1305855
1667806,1306163
3788305,1306189
2486718,1306223
3571299,1308167
3571725,1308171
3409361,1308185
3257276,1308193
1417726,1308237
1916124,1308241
3563551,1308281
2499530,1308309
2676054,1308313
8627863,1751928
8587563,1751930
3828124,1309189
3461134,1309955
3437003,1309995
3433258,1310075
3387593,1310145
3574416,1310169
3461189,1310191
2929691,1310199
3328260,1311747
3312874,1311749
2692698,1312017
2597559,1312091
2589309,1312093
2557393,1312095
2439411,1312097
2133102,1312103
2137555,1312105
1988406,1312107
1471047,1312285
3071483,1314195
3238642,1314199
3072743,1315167
3339077,1315303
3778834,1315383
3850594,1315427
3388602,1315513
3071706,1317189
3814743,1320207
3817788,1320219
3818275,1320221
3818330,1320223
6264651,1523060
3572119,1328293
3689019,1328325
3795075,1328337
3798388,1328339
3806720,1328347
2798547,1335023
1516335,1332539
1627028,1332571
1666742,1332589
1667837,1332591
1664380,1091216
3145436,1334589
1398199,1334613
3550409,1334651
3465446,1334653
2811084,1334659
2811802,1334665
2812887,1334671
2813903,1334677
3554584,1334693
3054613,1334765
1597873,1334855
1835896,1334879
2272946,1334931
2484435,1334967
2498414,1334969
2583068,1334977
2586601,1334979
2799113,1335029
2802684,1335051
3337550,1335319
3434587,1335321
3459610,1335323
3460977,1335325
3462401,1335327
3466050,1335329
6224804,1523014
4123172,1338527
4025847,1338577
3997581,1338579
4027986,1338581
4114552,1338591
3824331,1338599
3908422,1338605
3922604,1338607
3955671,1338611
3954225,1338613
1872615,1338633
3389539,1338645
3392784,1338653
3395152,1338667
3572164,1339070
3627947,1339603
3808230,1340213
2595513,1340269
3813108,1340323
3813603,1340341
2628765,1340729
2795447,1342345
2821926,1342893
2481861,1343695
2989095,1343969
3232521,1344146
3259683,1344186
3336740,1344262
8496159,1742781
8626125,1742785
6312170,1523000
7099162,1556197
6267177,1522984
7969522,1614519
6263432,1522978
6269096,1522974
4138992,1355359
4241841,1355375
4243416,1355379
4244714,1355387
4249544,1355403
6684293,1536254
6981783,1561231
6268808,1522960
4398725,1373573
6256748,1522928
6981604,1561233
8364085,1742793
4459712,1399877
6229610,1522884
7924653,1614521
6225267,1522866
4811288,1403601
7929823,1614523
5194447,1413623
6808419,1537553
6996778,1556224
6786067,1537555
6817015,1536312
6786854,1537559
5165146,1442103
6220248,1522756
6214890,1522752
6807764,1537563
6817383,1536326
5433751,1453782
7924361,1614525
7985070,1614527
7986907,1614529
6229201,1522654
5328835,1457871
6267854,1522648
5536809,1461575
5319624,1463533
5426304,1463549
6264091,1522638
6258265,1522616
6816504,1536336
6816384,1536340
6311360,1522614
6311353,1522612
6267775,1522608
5198388,1482392
4294812,1482393
5176496,1482394
5195570,1482395
5198034,1482396
5177213,1482400
4136705,1482401
5196287,1482402
5196115,1482403
5198917,1482404
5199985,1482405
5198412,1482406
5202030,1482407
5198591,1482408
5202566,1482409
5202542,1482410
4175508,1482411
5192638,1482412
4111713,1482413
5192865,1482414
5175521,1482457
5197781,1482467
5198797,1482468
5201512,1482469
5192016,1482470
5193314,1482472
4043410,1482473
3959660,1482476
4134934,1482477
4134958,1482478
5174869,1482479
5195343,1482480
5195233,1482481
5199019,1482482
5195439,1482483
5196562,1482484
5199363,1482485
5201392,1482486
5201811,1482487
4185505,1482488
5196744,1482489
5197602,1482492
5198010,1482496
5201402,1482497
5199909,1482498
5202009,1482504
5173176,1482507
5177608,1482510
5202621,1482511
5201330,1482512
5198041,1482513
5194289,1482514
4119746,1482515
5193747,1482516
5177017,1482517
3958788,1482518
5192432,1482519
5196490,1482532
5198096,1482533
5199057,1482534
5194791,1482535
5201505,1482536
5202346,1482537
5202353,1482538
5194997,1482540
5201244,1482542
3851263,1482544
5199318,1482548
4122661,1482549
5201914,1482550
3926002,1482551
3928237,1482552
5196380,1482553
5193620,1482554
5192140,1482555
4102715,1482556
5189799,1482557
5192968,1482558
5199916,1482559
3959316,1482561
5168459,1482562
5195044,1482564
5201859,1482565
5189641,1482566
5177770,1482567
5192700,1482568
4174798,1482569
5193761,1482571
3828863,1482573
3898958,1482574
5052819,1482575
5196641,1482578
6014193,1484919
6007708,1484921
5999305,1484923
6008776,1484925
4577735,1486239
4823049,1489020
4555692,1489054
8471909,1742804
5486935,1495265
5483141,1495269
5439841,1495271
5326583,1495273
5492651,1495275
5443208,1495277
5438543,1495279
6014131,1495545
6015745,1495555
6039893,1495561
6046604,1495605
5988426,1495699
5809440,1495707
5995804,1495711
5998117,1495735
5991671,1495775
5586787,1495803
5571228,1495897
5496891,1495901
5744749,1495914
5416905,1495919
5727412,1495925
5442508,1495947
6008240,1496174
6063261,1496176
6089001,1496200
6125549,1496202
6097897,1496218
6076973,1496226
6048994,1496228
6110437,1496248
6076533,1496250
6087728,1496262
6085995,1496266
6128584,1496274
6084680,1496276
6147864,1496282
6061885,1496300
6182692,1496326
6185785,1496338
5729221,1496637
5740664,1496639
5723863,1496643
5764509,1496647
5495885,1496657
5696361,1496659
5708936,1496661
5575918,1496663
5728679,1496665
5714267,1496667
5698716,1496669
5859720,1496785
5639926,1496885
5996542,1497183
6129844,1497393
6145093,1497395
5588967,1497509
5699227,1497523
6013077,1497541
6016366,1497543
6016490,1497545
4594880,1497547
6015367,1497557
5609743,1497567
5547568,1497569
5579048,1497571
5782615,1497575
5582121,1497615
6064291,1497619
6069344,1497623
6068857,1497631
6077233,1497667
6062671,1497669
6085847,1497685
6086231,1498103
6078098,1498226
6077862,1498228
6077769,1498234
6085421,1498244
6043535,1498258
6099194,1498288
6073907,1498294
6064064,1498324
6064129,1498330
6076760,1498356
6076447,1498368
6072032,1498378
6069399,1498382
5639232,1498491
5550603,1498493
6060862,1498545
6072025,1498563
6045894,1498571
6042361,1498581
6061036,1498583
6064019,1498585
6073873,1498587
6066495,1498607
6063924,1498613
6144544,1498653
6067030,1498665
6078397,1498671
6071813,1498675
6129961,1498701
6069791,1498703
6174600,1498885
6203791,1498929
6072317,1499007
6071624,1499534
6125965,1499554
6127080,1499666
6098126,1499668
6099369,1499872
6145653,1499874
6098597,1499878
6065111,1499882
6079396,1499884
6089427,1499886
6099833,1499888
6128175,1499890
6062932,1499894
6008934,1499908
6077422,1499938
6009610,1499942
6127066,1500188
6079310,1500190
6068008,1500198
6087766,1500200
6078847,1500202
6048970,1500230
6061490,1500234
6057727,1500258
6118532,1500645
6207838,1500766
6218717,1500768
6220640,1500798
6194020,1500800
6017028,1500810
6017619,1500820
6066615,1500962
5719901,1501080
5983799,1501098
5983854,1501100
5984145,1501102
5983964,1501104
5985546,1501106
5983713,1501108
5984664,1501110
5806814,1501112
5858879,1501114
4558022,1501116
4629841,1501120
5768952,1501122
6077161,1501162
6047555,1501166
6046910,1501192
6008893,1501194
6044754,1501196
6039707,1501198
6041245,1501200
6041733,1501202
6041740,1501204
6042017,1501208
6043250,1501210
6014784,1501212
5987850,1501214
6015350,1501220
5989724,1501222
5858501,1501228
5985649,1501232
6058702,1501234
6042323,1501254
6046446,1501290
6048035,1501299
6049199,1501309
6008707,1501337
6059952,1501353
5980709,1501367
5987018,1501377
6018058,1501391
6063773,1501403
5696550,1501407
5780806,1501409
5789429,1501411
6016263,1501435
6015329,1501437
6016971,1501439
5856967,1501441
6066938,1501693
6202424,1501745
6218511,1501765
6200646,1501771
6098016,1501940
6075448,1502050
6145172,1502217
5576821,1502447
6221405,1502561
6226039,1502569
6225944,1502575
6228037,1502603
6223795,1502619
6208985,1502625
6204264,1502635
5856053,1502876
5762776,1502882
6014241,1525684
6180508,1503545
6159577,1503591
6188919,1503685
6182180,1503715
6186083,1503801
6221876,1503803
6098171,1503830
5418336,1503842
5587951,1503874
5587889,1503878
5711758,1503992
5985663,1504078
5741199,1504118
5761722,1504120
6164988,1504126
5762154,1504172
5784675,1504176
5781159,1504182
5764884,1504188
5767135,1504194
5744725,1504196
5759253,1504200
5981856,1504202
5759246,1504204
5740080,1504242
6188658,1504528
6088954,1504668
5992670,1505651
5995938,1505655
5713897,1505681
4817897,1506016
5411065,1506022
6193980,1506139
6224608,1506149
5389427,1506551
6223283,1507294
5763115,1507324
5763304,1507326
6176330,1507724
6216434,1508846
6048286,1509016
6148722,1509090
4814429,1509170
6538435,1509178
6808086,1509198
6777980,1509200
6801519,1509202
6787523,1509248
6195407,1509294
6727734,1509654
6549716,1509656
6019332,1509841
6045564,1509843
6068503,1509869
6515551,1509889
6264558,1522528
5447132,1495281
5432288,1495943
5448100,1495955
6089331,1496230
6706748,1522498
6200529,1497449
5411869,1497573
6063539,1498350
6014777,1498589
6185211,1498821
6223386,1499582
6127028,1499880
3278743,1238576
4573423,1501118
6046972,1501224
6227337,1502571
6200426,1503743
5786068,1504186
6181301,1508141
1283709,996282
6773348,1511991
6313162,1511993
6511995,1511995
6525785,1511997
6533739,1511999
6539458,1512001
5998650,1512003
6550750,1512007
6314123,1512009
6532352,1512011
6709886,1512015
6533959,1512017
6552019,1512021
6552040,1512023
6558673,1512025
6526083,1512027
6689614,1512029
6725138,1512033
6732815,1512035
6734442,1512037
6734923,1512039
6737731,1512041
6730783,1512043
6698090,1512045
6744528,1512047
6539654,1512051
6738448,1512053
6684932,1512057
6745211,1512061
6748445,1512063
6774873,1512065
6779799,1512067
6785587,1512073
6517559,1512075
6547275,1512077
6226950,1512079
6204147,1512081
6517456,1512089
6749279,1512091
6699295,1512095
6801643,1512099
6808880,1512101
6817321,1512103
6835774,1512105
6749530,1512111
6809353,1512113
6516873,1512019
6745204,1512049
6697455,1512059
6784461,1512071
6558927,1512093
6249841,1512333
6061658,1512339
6217048,1512401
6786713,1512801
6316925,1512803
6314563,1512805
6819549,1512809
4448950,1513029
6782494,1512811
4472139,1512905
5991341,1513176
6229861,1513271
6146140,1513275
6204484,1513343
6217536,1513385
6778927,1513846
6801708,1513886
6257527,1513926
6527288,1513934
6516000,1513884
6269591,1514420
6258526,1514426
6226187,1514906
6252711,1514916
6264431,1514956
6222851,1514942
6316255,1515112
6064143,1515370
6062592,1515372
5986655,1515378
6018838,1515380
6255718,1515782
6315287,1515786
6316516,1515788
4591302,1515801
5768828,1515803
4978695,1515807
5857478,1515809
5781032,1515811
5788097,1515813
5980857,1515815
5859524,1515817
5981148,1515819
5982068,1515823
5984468,1515825
5983256,1515827
5985058,1515829
5986112,1515831
5984176,1515833
5986466,1515835
4361013,1515857
6697778,1515949
6726591,1515951
6551216,1515953
6746186,1515957
6779490,1515959
6800606,1515961
6816913,1515963
4759962,1515805
5982192,1515821
6745785,1515955
5991152,1516063
4826943,1516351
5858635,1516359
6018292,1516419
6005425,1516421
5989016,1516423
6018319,1516425
4570969,1516695
6779988,1516723
5996391,1517053
5982123,1517057
6038935,1517065
6041111,1517067
4813822,1517620
6693198,1517638
5809402,1518013
5988945,1518015
5982697,1518029
5996360,1518035
5859249,1518043
5987283,1518045
5996205,1518075
5809347,1518081
5992838,1518117
5983555,1518125
5800951,1518133
5991592,1518141
6307635,1519932
6317371,1520093
5983335,1521260
6528263,1521296
6209908,1521298
6514758,1521320
6263126,1521332
6262653,1521334
6266549,1521336
6200770,1521338
6268781,1521340
6254111,1521358
6226204,1521440
6251509,1521500
6319458,1521528
6262471,1521816
6262536,1522160
6267036,1522184
6269003,1522264
6254506,1522310
6696906,1528161
6262275,1522312
6314989,1524304
6265911,1524326
6527037,1525424
6550949,1526254
6729017,1527130
6736732,1527134
6685096,1527136
6687520,1527432
6695952,1527651
6727143,1527711
6681423,1528301
6689559,1528303
6698708,1528305
6553661,1528307
6739265,1528309
6739519,1528311
6745479,1528313
6746155,1528315
6749169,1528319
6773829,1528321
6748421,1528323
6733759,1528325
6733395,1528327
6733900,1528329
6735836,1528331
6774275,1528333
6774309,1528335
6774316,1528337
6774495,1528339
6774880,1528341
6748407,1529154
6747305,1529632
6726515,1529642
4583200,2029478
6726340,1530256
6779294,1530270
6049979,1530290
6733144,1530294
6735362,1530422
4739102,1530680
6317807,1530682
6518156,1530684
4583028,2029518
6559593,1536006
6691176,1536108
6690548,1536120
6682862,1536124
6688969,1536222
6816078,1537019
6809360,1537035
6808835,1537043
6808976,1537045
6809281,1537047
6687575,1537369
6800833,1537371
6789318,1537495
6809102,1537507
6747965,1537519
6733182,1537521
6789480,1537531
6807719,1537547
6788917,1537627
6783637,1537645
6808189,1537651
6785721,1537663
6778817,1537786
6776527,1537796
6695206,1537800
6698265,1537804
6724201,1537808
6552387,1537816
6695615,1537824
6773506,1537882
6775944,1537890
6739571,1537898
6803490,1537936
6748050,1537938
6803414,1537946
6738149,1537950
6785006,1537952
6311281,1537968
6689016,1537970
6808505,1537972
6737054,1537974
6744607,1537998
6745596,1538016
6312967,1538114
6256425,1538116
6789954,1538136
6731861,1538148
6788230,1538150
6682635,1538154
6747013,1538158
6808433,1538162
6748940,1538164
6776053,1538168
6689384,1538172
6735599,1538188
6777650,1538202
6557777,1538212
6539173,1538218
6809573,1538230
6735960,1538232
6784753,1538234
6687984,1538238
6690407,1538250
6559328,1538291
6786270,1538293
6807434,1538295
6687922,1538345
6747336,1538353
6746454,1538361
6735568,1538395
6727545,1538447
6739272,1538463
6559744,1538465
6689690,1538485
6745156,1538507
6783383,1538535
6748380,1538776
6775652,1538952
6787310,1538954
6697400,1538984
6807472,1539351
6806796,1539363
6807678,1539385
6801090,1539409
6801492,1539451
6801777,1539465
6807984,1539575
6818337,1539652
6808196,1539676
6783950,1539678
6808282,1539682
6818540,1539716
6819381,1539726
6816803,1539832
6816731,1539836
6816638,1539840
6789693,1539884
6817912,1539898
6818526,1539990
6807843,1539994
6802264,1539996
6730635,1540190
6731517,1540204
6735049,1540206
6773496,1540434
6848620,1540474
6848792,1540476
6848699,1540478
6788065,1540516
6548542,1540548
6801100,1540558
6789796,1540586
6789820,1540618
6733780,1540650
6774282,1540652
6746681,1540706
6745974,1540708
6747491,1540714
6510817,1540726
6802329,1540754
6785367,1540758
6783912,1540782
6739461,1540784
6748658,1540786
6783981,1540788
6787482,1540790
6788742,1540792
6801502,1540796
6736316,1540798
6789246,1540800
6786483,1540802
6786603,1540804
6776510,1540830
6809229,1540876
6775401,1540929
6801629,1540971
6689470,1540983
6786665,1541106
6849007,1541110
6848864,1541112
6783369,1541116
6848936,1541132
6514112,1541245
6318129,1541249
6252735,1541277
6532833,1541285
6747501,1541422
6807733,1541573
6749004,1541917
6774433,1541939
6530134,1542059
6532400,1542061
6532589,1542070
6533791,1542072
5573790,1543269
6841689,1543565
5532731,1543784
6739870,1544375
6855840,1544731
5423606,1544851
6774859,1544881
6788508,1544883
6788759,1544957
6785453,1545209
5789522,1545337
6783039,1545349
6789057,1545351
6816449,1545359
6739007,1545365
5496097,1545853
6746801,1545974
6738644,1545998
6349631,1546034
6836656,1546036
6817754,1546072
8554149,1742812
8581617,1742814
6775755,1546457
7244838,1546667
7379954,1546669
6869764,1547101
6872342,1548049
6872359,1548051
8455138,1742816
8498384,1742818
6871020,1550437
7394104,1550828
6878975,1551569
6985167,1551997
6996149,1552007
7035535,1552009
7036008,1552011
7019290,1552015
7024649,1552019
7028360,1552021
7031962,1552023
6988669,1552025
6852355,1552263
6849612,1552283
6849722,1552299
6852283,1552309
6855321,1552337
6852568,1552399
6852427,1552425
6852506,1552447
6856038,1552489
6855998,1552493
6856447,1552523
6856100,1552531
6856605,1552551
6856643,1552555
6857415,1552579
7025174,1552595
6856753,1552656
6856832,1552674
6856265,1552724
6856234,1552726
6856258,1552728
6857312,1552730
6857233,1552736
6857123,1552746
6857082,1552754
6857044,1552762
7064111,1552788
6800675,1552851
6851806,1552895
6856966,1552901
6856533,1552909
7029008,1553047
6997045,1553117
6889926,1553119
6808079,1553145
6997526,1553189
7038099,1553191
7027615,1553193
7030523,1553195
6875112,1553197
6990372,1553199
6816607,1553417
6784760,1553482
6809391,1553490
6858957,1554633
7117116,1554975
6268853,1555147
7065952,1556524
7247017,1556526
7379260,1556528
7393497,1556530
7392089,1556532
7398014,1556534
7156641,1556536
7479249,1556686
6861267,1557008
6698038,1557200
7024450,1557611
7174025,1558076
6879280,1558246
7343423,1558280
6983891,1558436
7366424,1596998
6868033,1558978
7434576,1560384
6878748,1560511
6838197,1560523
5213335,1560590
6980698,1561028
6871594,1561044
6981415,1561064
6981594,1561070
6981484,1561146
6981305,1561148
6864099,1561211
4445922,1561345
5655223,1561443
6856241,1561471
6857501,1561473
6981439,1562018
6981501,1562020
6981824,1562022
6981831,1562024
6981288,1562026
7376555,1597000
5231434,1562127
5231874,1562131
5324080,1562163
5389908,1562185
6989754,1562460
6981271,1562502
7034691,1562536
6864556,1562538
6525345,1562717
5417162,1562881
5588163,1562883
5981708,1562885
7075416,1563143
6344234,1563231
7362136,1563322
6857965,1563377
6868875,1563481
6868734,1563483
6868806,1563485
6856629,1563638
6866152,1563666
6980478,1563733
6991759,1563795
7038020,1564043
7072907,1564188
7366455,1597004
7096653,1564330
7117628,1564377
7159882,1564421
6981611,1565231
6981226,1565233
6553953,1565353
6737487,1565355
6725963,1565359
6745015,1565383
6746124,1565385
6775353,1565417
6981642,1565637
7425073,1566133
7237175,1566231
6997856,1566299
7208513,1566383
6868088,1568505
6878504,1568509
6984687,1568688
7073157,1570031
7094961,1570037
7005424,1570635
6996077,1570637
7092808,1570665
7064568,1570736
7063875,1570764
7068090,1570809
6989228,1570813
7006722,1570815
7077304,1570817
7074802,1570825
7075038,1570827
7033283,1571975
4397489,1572849
4445829,1572853
4341387,1572855
4363482,1572857
7374636,1573143
7509841,1573147
8629050,1742834
7037753,1574263
7027275,1574265
6866860,1574487
4445551,1574931
7234594,1575329
7287912,1575978
7038790,1576008
6987828,1576436
6979881,1576438
6981893,1576446
6839471,1576456
6869214,1576464
6878638,1576468
6877990,1576472
7117604,1576886
7361041,1576992
7361058,1576994
7361065,1576996
7502398,1577157
7308987,1577625
6863760,1577715
5412435,1578389
7259304,1580101
7259366,1580119
7259830,1580121
7259081,1580123
7259012,1580125
7342943,1580173
7369191,1581583
7343980,1581393
6868442,1581423
7198049,1582673
7287163,1582693
7098620,1582719
7361302,1582759
7289178,1582763
7247536,1584381
7396164,1584383
7242452,1584637
7348655,1584653
7369665,1584661
7393150,1584703
7395433,1584711
7421204,1584743
7397929,1584766
7396229,1584768
7393954,1584792
7389418,1584798
7392261,1584800
7366163,1584806
7399941,1586060
7218448,1586064
7379703,1586665
7257526,1586689
7198458,1586697
7363362,1586835
7407149,1586839
7369407,1587529
7257650,1587539
7234408,1587693
7362057,1588784
7376407,1588800
7349283,1588989
7451212,1589297
7455737,1589363
7479603,1590041
7493744,1591576
7450251,1591755
7529917,1592245
7507496,1592259
7542420,1592265
7542286,1592287
7542444,1592315
7546299,1592325
7545568,1592339
7547243,1592349
7439210,1592601
7544930,1592611
7548084,1593099
7549100,1593101
7543694,1593103
7545599,1593105
7546763,1593107
7499274,1593109
7501571,1593111
7527823,1593113
7503311,1593119
7542475,1593121
7509353,1593125
7542671,1593129
7450653,1593131
7456107,1593137
7475308,1593139
7545094,1593149
7527201,1593151
7529371,1593153
7509858,1593155
7473159,1593926
7493940,1594015
7456729,1594076
6846639,1594278
6348890,1594730
7966697,1596119
7258044,1596191
7368790,1596199
7369940,1596203
7394173,1597598
7437762,1598563
7523573,1598893
7598072,1598895
7598780,1598897
7602621,1598899
7608955,1598901
7643862,1598903
7607547,1598905
7643518,1598907
7237759,1599578
7424579,1599580
7457209,1599584
7368147,1602149
7368233,1602155
6146339,1602157
8086624,1602577
8241919,1602579
8263351,1602583
8261212,1602591
7985214,1602601
8168597,1602605
8198347,1602607
8199401,1603235
8037233,1603588
7378065,1604320
7366390,1604324
7377011,1604326
7377970,1604328
7376964,1604330
7373596,1604332
7376847,1604334
7366228,1604336
7479500,1604350
8067667,1604699
7544978,1604723
7544215,1604731
7377327,1604973
7472741,1604997
8145527,1605247
8048198,1605418
8248668,1605498
8268789,1605500
8053004,1605504
8107754,1605506
8378837,1605508
8371614,1605510
8369334,1605512
7509157,1605836
7645987,1605848
7644359,1605854
7590922,1605856
8198457,1605866
7366321,1606272
7456262,1606370
7459173,1606372
8103806,1606936
8042352,1606952
7968035,1607204
8154965,1607210
8208718,1608321
8106157,1611311
7608405,1614493
7909379,1614776
8643517,1742868
8147790,1615869
7644658,1616844
7970762,1617246
7983364,1617248
7985726,1617250
7983883,1617299
7983876,1617321
8033354,1618128
7924347,1618550
7597372,1618554
8152819,1734180
8152826,1734182
8153052,1734186
8152840,1734188
8043887,1622765
8035981,1630375
8056915,1631474
8043849,1631680
8043928,1631690
8361497,1636003
8149516,1636005
8148081,1636066
8039554,1636515
6992497,1639039
8065638,1639241
8065614,1639245
8065607,1639247
8065676,1639249
8065645,1639253
8065748,1639257
8245159,1646115
8477972,1709280
8375294,1699580
8543459,1699804
8048473,1702795
8167048,1703214
6998154,1703266
8146650,1703731
8524265,1703813
8207843,1706543
8063520,1706545
8166984,1711743
8194169,1711747
8194114,1711751
8147408,1712381
8058690,1717115
8141442,1717157
8437462,1718604
8498487,1719226
8105495,1720202
8288824,1720890
8085302,1726518
8166991,1727517
8547895,1730544
8249162,1730765
8267199,1730783
8152534,1732702
8152486,1732704
8152503,1732706
8152572,1732708
8152651,1732710
8152778,1732712
8152785,1732714
8153083,1732716
8153100,1734500
8152929,1735650
8289971,1736250
8362348,1736329
8362362,1736337
8362434,1736339
8362520,1736341
8362427,1736351
8362142,1736362
8151621,1736386
8362135,1736388
8362087,1736404
8353254,1737445
8476148,1738873
8478971,1739529
8525879,1739580
8653026,1739582
8199841,1739727
8338231,1742741
8438746,1742777
8287478,1742934
8576536,1742953
8353766,1742985
8267560,1742991
8363804,1742995
8496379,1743001
8587154,1743007
8496874,1743227
8359337,1743567
8546779,1743593
8619981,1743611
8436841,1744150
8436504,1744154
8437077,1744176
8339467,1744194
8339498,1744196
8339869,1744198
8436786,1744220
8436872,1744224
8436638,1744228
8437929,1744244
8438100,1744246
8438131,1744250
8438186,1744252
8437273,1744254
8437314,1744256
8339890,1744350
8621955,1744681
8618607,1744685
8623238,1744687
8526160,1745151
8377993,1745199
8376183,1746264
8627519,1752398
8339993,1746559
8494852,1746617
8627760,1752400
8627557,1752402
8265830,1747161
8151652,1748065
8493152,1748353
8504058,1748355
8521983,1748357
8358053,1748426
8630324,1752410
8630719,1752412
8369767,1750273
8632061,1752417
8635116,1752419
8584827,1752560
8648354,1752637
8165796,1752825
8646150,1752928
8646734,1752930
8627588,1752938
8627777,1752940
8630984,1753769
8163437,1754702
8559216,1754704
8626376,1754716
8627715,1754730
8633156,1754732
8627344,1754743
8638742,1754747
8627320,1754751
8627492,1754765
8573766,1754771
8627746,1754775
8631976,1754777
8622215,1754963
8648718,1755419
8636696,1755428
8647159,1755445
8647290,1755450
8647812,1755456
8631550,1755458
8649092,1755471
8637183,1755573
8646129,1755577
8637389,1755579
8622954,1755581
8643603,1755583
8648598,1755585
7903272,1755611
8645326,1755613
8571737,1756037
8623960,1756039
8645388,1756061
8648828,1756063
8645553,1756065
8577494,1756067
8627681,1756150
8642790,1756154
8627605,1756158
8548863,1757026
8362630,1757526
8366832,1757528
8339780,1760049
6019703,1760781
8633077,1762149
8621814,1764843
8658502,1764909
8632793,1764915
8652027,1765261
8642185,1765289
8656030,1765463
8652759,1765952
8657307,1765974
8656126,1765976
8658911,1765978
7395024,1765980
8644004,1765982
8648488,1765990
8652072,1765992
8658478,1765994
8631842,1765996
8637688,1765998
8638137,1766000
8646686,1766002
8643919,1766004
8573917,1766010
8630850,1766012
8654252,1766087
7494334,1766433
7920688,1766435
8643847,1766526
8659398,1767169
8659154,1767171
8659161,1767175
8649559,1767266
8624567,1767295
8639291,1767895
8631873,1767938
8639882,1767950
8631433,1767952
8645027,1767958
8572004,1767966
7981892,1768102
8148191,1768104
8167347,1768106
7259672,1768108
7452723,1768110
8646978,1768112
8641502,1768114
7433948,1768116
8633400,1768118
8559027,1768120
8643115,1768122
8634760,1768124
7924471,1768126
8644107,1768128
8653057,1768715
8626699,1769194
8633709,1769202
8887407,1769212
8791249,1769214
8642336,1773869
8623788,1773877
8576282,1776222
8844770,1784113
8642965,1787277
8033347,1787381
8673295,1789766
8685173,1789768
8634368,1801560
8621797,1804033
8627502,1805605
8576433,1806421
8635604,1810505
8267632,1807399
8207506,1807403
8369839,1808212
8649171,1809209
8354260,1809674
8674287,1812097
8668372,1812099
8643029,1812279
8806811,1812971
8892069,1812989
8244954,1814107
9202469,1815276
8723444,1815357
8677947,1815375
8661829,1815407
7479438,1815658
8067148,1822178
8683845,1824850
8636940,1826510
8653806,1827230
8849342,1835809
8839163,1835813
8806103,1835815
8837237,1835819
8802066,1835821
8803979,1835823
8801287,1835825
8888372,1835827
8866363,1835829
8880521,1835831
8956857,1835833
9095621,1835835
9195772,1835837
9182747,1835839
9183069,1835841
9186798,1835843
9194845,1835845
9194364,1835847
8937113,1835861
8899206,1835863
9179303,1837150
8908874,1837152
8909505,1837154
8938040,1837156
8843427,1837158
8892368,1837160
9173354,1837162
9173024,1837164
8874324,1837166
8907992,1837168
8796914,1837258
8684648,1839841
8686907,1839843
8679062,1839922
8683663,1839924
8683759,1839932
8687047,1839942
8674964,1839952
8684174,1839956
9186444,1841010
8678812,1841020
8675310,1841042
8674926,1841861
8868859,1841968
8878777,1841986
8847203,1841988
8860534,1841990
9179255,1841992
8879587,1841994
8816076,1841996
8894926,1841998
9166550,1842000
8884431,1842002
8236948,1842254
8842435,1842943
8683546,1844314
8867458,1848494
8813794,1848496
8890528,1848498
9171576,1848500
9165678,1848502
9169210,1848504
8792509,1849503
8801713,1849505
8800941,1849507
8682389,1849509
8709183,1850867
8827522,1856057
8798905,1861090
8836946,1861094
8795551,1861096
8842284,1861100
8672186,1861104
8798682,1861112
8801270,1861114
8838803,1861122
8683656,1871263
8842363,1871853
8726984,1874042
8726991,1874044
8661654,1877669
9187429,1884020
8866260,1888472
9209493,1905557
1183232,1907215
1169878,1907217
1158353,1907219
1213339,1907221
1214682,1907223
1181038,1907225
9197172,1912676
9191226,1912801
1171873,1912819
1179930,1915597
2079606,1916136
9337389,1917069
9192517,1917087
9336933,1917645
9302527,1918987
8895970,1919723
9335422,1921325
1258806,1921527
1258758,1921549
9177587,1922058
8935586,1922080
9186592,1922082
1188945,1924428
9107959,1925255
8936121,1925257
9165685,1925263
9193152,1927519
1239416,1931008
1236378,1931018
1234679,1932130
1234710,1932132
1234899,1932134
9210303,1936252
9340228,1936254
1957736,1936370
1409844,1936488
1356708,1936516
9309915,1937961
9198401,1937963
3241828,1937973
4336622,1937975
4526308,1937977
9223060,1940401
9194632,1944901
8897181,1946752
1234772,1948682
1234758,1948684
1305890,1948712
1996759,1954375
9206111,1957985
8905183,1957993
8794600,1959028
8555423,1959111
1978784,1959131
2014647,1961670
1978382,1968778
1978533,1968783
1170764,1968983
1164842,1968985
8865625,1971847
9337004,1972232
9336634,1972234
9218532,1972236
9145069,1972238
9222250,1974327
4490520,1974510
8936640,1975479
8896199,1975481
8883841,1975483
9192696,1975487
8957818,1975489
9205442,1975491
9185524,1975495
8908678,1975497
2023085,1987599
4031271,1989423
2252698,1989529
4195461,1991846
4376493,1991848
4373142,1991855
4031972,1994631
4495075,2002305
7569939,2005867
7656062,2005869
5255953,2032197
7883055,2009997
7956937,2009999
6798316,2010001
5256189,2032199
7947018,2010413
7226650,2010426
4567628,2010428
7516690,2011721
7639560,2013104
7146716,2013106
7882654,2013122
7559011,2013124
7318276,2013126
6751920,2013128
7574917,2013130
7619353,2013132
7410095,2013134
4379342,2013412
4378518,2013426
4377258,2014274
4376417,2014276
5255544,2032201
4376345,2014749
4378130,2014751
4378697,2016765
2029106,2016771
2027816,2016812
4587622,2017515
4379421,2018916
3063941,2018920
4378659,2018927
4377502,2018931
4376297,2018935
4581556,2019699
4581570,2019701
4882561,2019709
4846758,2019711
4742924,2019713
4581518,2019890
7636831,2020096
4523497,2021233
4583437,2023281
4661641,2024991
4664356,2024992
4661658,2024993
4664363,2024994
4661603,2024995
4664349,2024996
4633806,2024997
4665348,2024998
4660604,2024999
4664318,2025000
4634520,2025003
4567408,2025020
4568050,2025035
4568005,2025036
4582847,2028246
3182152,2028250
3182248,2028252
4581697,2030482
4376479,2031823
5022038,2032065
5023769,2032075
5020834,2032081
5020872,2032083
5022966,2032087
5023484,2032093
5023532,2032097
5021091,2032101
5022131,2032115
5021943,2032123
5021840,2032127
5021936,2032135
5021716,2032139
5021895,2032141
5256103,2032149
5255867,2032151
5256017,2032223
5023989,2033305
5024366,2033307
5020384,2033697
5020652,2033699
5020803,2033701
5020432,2033703
5020669,2033705
5020614,2033707
5020360,2033709
5020717,2033736
5021170,2033748
5024452,2033755
5020315,2033757
3425400,2033820
3425259,2033822
3425077,2033824
7227862,2033868
4880972,2034616
4880886,2034618
4880790,2034624
5253601,2034796
5253560,2034969
5253694,2035030
8186232,2035586
8171254,2035588
8487591,2035591
8183352,2035593
7624915,2036313
4564298,2036320
4724698,2036363
4564346,2036456
4567453,2036506
4567477,2036507
4568153,2036525
4568122,2036526
4661586,2036535
5256361,2037768
5640070,2039286
4377124,2040139
8186184,2040141
4633875,2041402
4633844,2041403
4633837,2041404
4660769,2041407
4660745,2041408
4660635,2041409
4665427,2041410
4665441,2041411
4665403,2041412
4724818,2041808
7558500,2041931
8462059,2042549
8251930,2042551
8259372,2042553
8273262,2042555
7891140,2042564
4747709,2042622
4540126,2042624
1302312,2043638
6827005,2043694
7040128,2043696
7040506,2043698
7041608,2043700
7041660,2043702
7041567,2043704
7041529,2043706
7040001,2043708
7040032,2043710
7040087,2043712
6827036,2043714
6827098,2043716
6827139,2043718
6826965,2043720
7040496,2043722
7040362,2043726
7040355,2043728
7040458,2043730
7040300,2043732
6826910,2043932
5823062,2045517
5823086,2045520
4842192,2045543
5029464,2045545
4704261,2045563
4888259,2045566
4637510,2045568
4709754,2045580
5796845,2045582
5828847,2045586
6608262,2045588
5794548,2046001
5825039,2046003
4707859,2046005
4744393,2046007
5028915,2046009
5796254,2046011
4338486,2046013
4371876,2046015
4638423,2046019
4844138,2046021
4337133,2046023
4350543,2046027
5799354,2046029
5818833,2046031
2072373,2046035
4749460,2046037
5795530,2046039
5818383,2046052
4564360,2046526
4567439,2046527
4523686,2046633
4523631,2046634
7677474,2046635
3424827,2046677
3424841,2046679
3424982,2046681
6826927,2046683
7337350,2047021
7941959,2047023
4544579,2047213
7311235,2047554
5665598,2047556
4668802,2047566
7181386,2048516
7141429,2050315
7141278,2050317
5255520,2050329
5254033,2050336
5254239,2050338
5254363,2050344
8259200,2050355
7040094,2053289
7147076,2053299
4337762,2053307
4580258,2053309
4703262,2053311
6791485,2053313
7166600,2053315
5796766,2053319
7085712,2053325
7120842,2053327
7123564,2053329
3426973,2054777
4490300,2054815
4490173,2054816
3442359,2054817
4490197,2054818
4490317,2054819
3442397,2054820
4372253,2054823
7266816,2055330
5817731,2056523
5817858,2056525
5817827,2056527
5817865,2056529
5817920,2056531
5818321,2056533
5818211,2056535
5818259,2056537
5818390,2056539
5818486,2056541
5818479,2056543
7086278,2056758
7264148,2056937
4889870,2057305
4890003,2057331
7166387,2057332
4376125,2057452
4338091,2057918
7188437,2057920
7049813,2059520
7169267,2059526
6792422,2059528
7166631,2059530
7293793,2059532
7168938,2059534
7169133,2059536
7169092,2059538
7169195,2059540
7168684,2059542
7168622,2059544
7167427,2059548
4889966,2059578
5253852,2059583
4376857,2059585
7182488,2059587
4383778,2060095
3413106,2060116
4941110,2060280
3159927,2060292
4379476,2060294
4377007,2060296
3413027,2060298
3427381,2060300
3412846,2060302
3139765,2060304
4384052,2060306
7128095,2060798
7126255,2060800
7128181,2060802
7128088,2060804
7128040,2060806
7126176,2060808
7147485,2060810
7126028,2060812
7166820,2060814
7166655,2060816
7166521,2060818
7166772,2060820
7166435,2060822
7167977,2060824
7166459,2060826
7167805,2060828
7168574,2060830
7168062,2060832
5829530,2061596
5256299,2062407
5256385,2062411
7267743,2063208
7267798,2063210
7267846,2063212
7267860,2063214
7267932,2063216
7267808,2063218
7267406,2063220
7318616,2064266
7088348,2064268
7169274,2064285
7267097,2064287
7267042,2064289
7266593,2064291
7266579,2064293
7266634,2064295
7266809,2064297
7266847,2064299
7266957,2064301
7267176,2064303
7267578,2064305
5644416,2064539
7166552,2064543
7168433,2064545
7447501,2065075
6822402,2065077
7262889,2065079
7164011,2065081
7164028,2065083
7163878,2065085
7164059,2065087
7164097,2065089
7128813,2065091
7127742,2065093
7127807,2065095
7128820,2065097
2016528,2065674
2027108,2065676
2999391,2065678
4379067,2065680
2027603,2065682
2722276,2065684
2998701,2065686
4378769,2065688
2079857,2065690
3130063,2065692
4377423,2065696
4377526,2065698
4379029,2065700
2020318,2065702
3061187,2065704
3106406,2065706
3413089,2065708
4376895,2065710
4376383,2065712
3128075,2065714
3413137,2065716
4377076,2065722
7162264,2082565
7160039,2082567
7162233,2082569
7160187,2082571
7160118,2082573
7160015,2082575
7162226,2082577
3413319,2083036
7296305,2083360
7296219,2083362
7296484,2083364
7296666,2083366
7164035,2067046
7182536,2067048
7169432,2067068
7160819,2075355
7121267,2075427
7124350,2075429
7122527,2075430
7124336,2075431
7122417,2075432
7124343,2075433
7122431,2075434
7089103,2075435
7089196,2075436
7125658,2075437
7123667,2075438
7122730,2075439
7127278,2075440
7123650,2075441
7120244,2075442
7122709,2075443
7127010,2075444
7122826,2075445
7123760,2075446
7127326,2075447
7125926,2075448
7127474,2075449
7120433,2075450
7120952,2075451
7120945,2075452
7685662,2075465
7143661,2075466
8727134,2077512
8904713,2077514
8908276,2077516
8171182,2077518
8881953,2077520
8569488,2077522
8538897,2077524
8291079,2077526
8398367,2077528
8257525,2077530
8483533,2077532
8136206,2077536
7672792,2077538
8396510,2077540
7414974,2077542
7315451,2077544
7087459,2077546
5665701,2077548
8278724,2077550
7293542,2077552
7279810,2077554
7319529,2077556
7149483,2077558
7146572,2077560
7264461,2078230
7264533,2078232
7636202,2078265
7126877,2078367
8935816,2079777
8963668,2079779
7991961,2079781
7854352,2079783
8980995,2079785
8619651,2079795
7185818,2079797
7222599,2079799
7227972,2079801
7261093,2079803
7261952,2079805
7125737,2079807
7121298,2079808
7121339,2079809
7464209,2079824
8814339,2079826
8537252,2079828
8347291,2079830
8130460,2082219
8382445,2082220
7950768,2082225
7867909,2082227
8290953,2082229
7849518,2082231
8885045,2082233
8745178,2082235
8029588,2082237
8347143,2082239
7124745,2082993
8789749,2082995
8535876,2083001
8921435,2083003
8882354,2083005
8489953,2083007
8259956,2083009
8099604,2083011
7997161,2083013
8179555,2083015
7950191,2083017
7278309,2083179
7279250,2083181
7279188,2083183
7278440,2083647
7278464,2083649
7129726,2083651
7141883,2083653
2845029,2083655
7222465,2083657
7045343,2083659
7278873,2083663
7295227,2083671
7262968,2083673
7262779,2083675
7279377,2083681
7290480,2083689
7290260,2083691
7277685,2083696
7290734,2083698
4523583,2083748
7089213,2084445
7089165,2084446
7089127,2084447
5827879,2084448
8863304,2084450
8866318,2084452
8745525,2084454
8730372,2084456
7821914,2084458
8517100,2084460
7624245,2084462
8801902,2084465
7261550,2084480
7461941,2084482
7335998,2084484
7046799,2084486
7048261,2084488
8740733,2084759
8865876,2084761
7857081,2084762
7825790,2084763
8566821,2084764
7820379,2084765
8185491,2084767
7931914,2084769
8091774,2084771
8695565,2084773
7826744,2084775
8536129,2084777
8985859,2084788
5255166,2084794
5256275,2084954
7127065,2084962
7127120,2084963
5256426,2084964
7180215,2084980
3244492,2083206
3413319,2083036
4074654,2082005
4074960,2082003
4075000,2082001
4704230,2068846
5665701,2077548
5827037,2068852
5827123,2068854
5827178,2068856
5827185,2068858
5827192,2068860
5827367,2068862
5827714,2075417
7044430,2073588
7045587,2078357
7049019,2079819
7087459,2077546
7089103,2075435
7089196,2075436
7120244,2075442
7120433,2075450
7120945,2075452
7120952,2075451
7121267,2075427
7121298,2079808
7121339,2079809
7122417,2075432
7122431,2075434
7122527,2075430
7122709,2075443
7122730,2075439
7122826,2075445
7123650,2075441
7123667,2075438
7123760,2075446
7124185,2082243
7124336,2075431
7124343,2075433
7124350,2075429
7125658,2075437
7125737,2079807
7125926,2075448
7127010,2075444
7127278,2075440
7127326,2075447
7127474,2075449
7143087,2075240
7143362,2075345
7143537,2075368
7143575,2075370
7143953,2075376
7144268,2075384
7144309,2075386
7145346,2075347
7145559,2075388
7145580,2075390
7145597,2075392
7145717,2075396
7145858,2075400
7145982,2075366
7160819,2075355
7160840,2068796
7160857,2068801
7160888,2068808
7160912,2068814
7161942,2083785
7164286,2084175
7164925,2067057
7164994,2075406
7169432,2067068
7182440,2068921
7182536,2067048
7182622,2075404
7185818,2079797
7221844,2079821
7222599,2079799
7227295,2075537
7227972,2079801
7260063,2079822
7261093,2079803
7261976,2075420
7265460,2082515
7265525,2082517
7265532,2082509
7265570,2082511
7265604,2082507
7265642,2082513
7265697,2082519
7270558,2079789
7272790,2073597
7272972,2073599
7273225,2075459
7273294,2075457
7274949,2075304
7295540,2075197
7296219,2083362
7296305,2083360
7296484,2083364
7296666,2083366
7315451,2077544
7317703,2079820
7414974,2077542
7418183,2075302
7419292,2079825
7441923,2079823
7443725,2075413
7447422,2075300
7464209,2079824
7662616,2075414
7695229,2082635
7874002,2070889
7878390,2075470
8186407,2078001
8344184,2079542
8814353,2079552
8866088,2078003
